geo_id,geo_nombre,resultado,observado,ee_observado,esperado_base,residuo_base,residuo_est_base,r2_base,positiva_base,negativa_base,esperado_ampliado,residuo_ampliado,residuo_est_ampliado,r2_ampliado,positiva_ampliado,negativa_ampliado,desviacion_positiva_robusta,municipios_modelo
11001,Abasolo,asistencia_15_17,65.40311718299019,1.768716406331815,66.10954945468139,-0.7064322716911988,-0.07707527962882213,0.6296150082072327,False,False,66.3293186453511,-0.9262014623609076,-0.11321826041962435,0.705053439308776,False,False,False,2478
11002,Acámbaro,asistencia_15_17,70.23763894212341,1.7346070900438861,71.89937118076901,-1.6617322386455982,-0.18137455872555316,0.6296150082072327,False,False,71.55132620455285,-1.3136872624294398,-0.16064709699591642,0.705053439308776,False,False,False,2478
11003,San Miguel de Allende,asistencia_15_17,65.41554959785523,1.9804725755188564,70.96875354332636,-5.553203945471125,-0.6063885751774442,0.6296150082072327,False,False,70.90299557887576,-5.487445981020528,-0.6713526005150805,0.705053439308776,False,False,False,2478
11004,Apaseo el Alto,asistencia_15_17,77.08933717579251,1.6585061198811542,69.43241317082672,7.656924004965788,0.8356025000143367,0.6296150082072327,False,False,67.78105833831236,9.308278837480145,1.1382772667202339,0.705053439308776,True,False,False,2478
11005,Apaseo el Grande,asistencia_15_17,73.1917513080948,1.7052952657551683,69.94301436064349,3.248736947451306,0.3548382478477831,0.6296150082072327,False,False,71.82501269754331,1.3667386105514794,0.167254074771869,0.705053439308776,False,False,False,2478
11006,Atarjea,asistencia_15_17,79.04191616766467,3.2880157889537416,65.08221443041566,13.959701737249006,1.5265378286743398,0.6296150082072327,True,False,67.60847199274595,11.43344417491872,1.400795503128312,0.705053439308776,True,False,True,2478
11007,Celaya,asistencia_15_17,81.86347782760339,2.041494000401014,81.76138368231315,0.10209414529023775,0.011154974382882338,0.6296150082072327,False,False,80.95057806416315,0.9128997634402367,0.1117534541963058,0.705053439308776,False,False,False,2478
11008,Manuel Doblado,asistencia_15_17,51.977152899824254,2.135779008664865,67.4591247464972,-15.481971846672941,-1.6909899574990532,0.6296150082072327,False,True,62.00170377571095,-10.024550875886696,-1.2268180993067037,0.705053439308776,False,True,False,2478
11009,Comonfort,asistencia_15_17,70.54176072234763,2.227401160203453,62.174036442152065,8.367724280195567,0.9132697994919093,0.6296150082072327,False,False,66.66469451535167,3.8770662069959627,0.47414537957543446,0.705053439308776,False,False,False,2478
11010,Coroneo,asistencia_15_17,72.72727272727273,2.804355610293626,70.91577920285528,1.8114935244174575,0.1976987040373762,0.6296150082072327,False,False,71.16704354113878,1.5602291861339523,0.1907748383561309,0.705053439308776,False,False,False,2478
11011,Cortazar,asistencia_15_17,75.64870259481037,1.512003268104947,72.10655288180241,3.5421497130079587,0.3869042548203431,0.6296150082072327,False,False,69.64894703877864,5.9997555560317295,0.7343485078475249,0.705053439308776,False,False,False,2478
11012,Cuerámaro,asistencia_15_17,64.56026058631922,2.275499335434741,62.697604122974525,1.8626564633446918,0.2033950485660145,0.6296150082072327,False,False,62.560953363344396,1.9993072229748208,0.2445988818618765,0.705053439308776,False,False,False,2478
11013,Doctor Mora,asistencia_15_17,75.59726962457339,1.8047184898378754,68.49957290787965,7.097696716693733,0.7750018017321,0.6296150082072327,False,False,69.2157890272449,6.3814805973284905,0.7806849265011364,0.705053439308776,False,False,False,2478
11014,Dolores Hidalgo Cuna de la Independencia Nacional,asistencia_15_17,60.95432062845505,1.855441065207775,68.31593674787645,-7.361616119421399,-0.8034552438329255,0.6296150082072327,False,False,68.94470442899363,-7.990383800538581,-0.9771280532084315,0.705053439308776,False,False,False,2478
11015,Guanajuato,asistencia_15_17,82.85045361428153,1.2664724230949538,83.4539706254308,-0.6035170111492647,-0.06594901366670423,0.6296150082072327,False,False,82.8772683825875,-0.026814768305968073,-0.0032829159379382045,0.705053439308776,False,False,False,2478
11016,Huanímaro,asistencia_15_17,66.26814688300597,2.5518064126032103,67.76266092473517,-1.4945140417292038,-0.1631289700100062,0.6296150082072327,False,False,69.07294579999744,-2.804798916991473,-0.3430169044005772,0.705053439308776,False,False,False,2478
11017,Irapuato,asistencia_15_17,78.75517123394195,1.5884662270321475,76.58148352968094,2.173687704261013,0.23751464790173274,0.6296150082072327,False,False,78.12118988589454,0.6339813480474135,0.07761456402182404,0.705053439308776,False,False,False,2478
11018,Jaral del Progreso,asistencia_15_17,75.8637236084453,1.7162950051193133,69.20667548681956,6.657048121625735,0.7271564718361069,0.6296150082072327,False,False,71.2212879735263,4.642435634918996,0.568146705358124,0.705053439308776,False,False,False,2478
11019,Jerécuaro,asistencia_15_17,59.96343692870201,2.3018009368228056,62.31103775256766,-2.3476008238656476,-0.2561785832981626,0.6296150082072327,False,False,63.12779368548778,-3.1643567567857716,-0.38688383725430175,0.705053439308776,False,False,False,2478
11020,León,asistencia_15_17,69.73532013336055,2.6057417336250057,78.86364947364797,-9.128329340287422,-0.9985346776635768,0.6296150082072327,False,False,76.96714324910828,-7.23182311574773,-0.8863091332970117,0.705053439308776,False,False,False,2478
11021,Moroleón,asistencia_15_17,78.50340136054422,1.8745453836838213,80.7327474042488,-2.229346043704581,-0.2439692256283579,0.6296150082072327,False,False,73.11539037879558,5.388010981748636,0.6611358773117179,0.705053439308776,False,False,False,2478
11022,Ocampo,asistencia_15_17,50.44612216884008,2.2840801434831337,62.7960160046038,-12.349893835763723,-1.3489908855163197,0.6296150082072327,False,True,62.51216236938923,-12.066040200549153,-1.4767565047611118,0.705053439308776,False,True,False,2478
11023,Pénjamo,asistencia_15_17,66.20608899297424,2.403212571993021,66.57634474204235,-0.3702557490681073,-0.040392760663951865,0.6296150082072327,False,False,66.3366898600841,-0.1306008671098624,-0.015962963921958204,0.705053439308776,False,False,False,2478
11024,Pueblo Nuevo,asistencia_15_17,66.10687022900763,2.6521303745155667,64.89623364784124,1.2106365811663835,0.13210975590404742,0.6296150082072327,False,False,66.93639943326562,-0.8295292042579945,-0.10142370502123252,0.705053439308776,False,False,False,2478
11025,Purísima del Rincón,asistencia_15_17,51.61230541141586,1.581809906374679,67.69644635924443,-16.084140947828573,-1.7581823878492557,0.6296150082072327,False,True,63.141690595240554,-11.529385183824694,-1.412045035157104,0.705053439308776,False,True,False,2478
11026,Romita,asistencia_15_17,59.27262631871183,1.9213209588841933,63.31469403766395,-4.042067718952119,-0.4411089325120588,0.6296150082072327,False,False,65.94308666279082,-6.67046034407899,-0.8157214733602791,0.705053439308776,False,False,False,2478
11027,Salamanca,asistencia_15_17,83.08485439598718,1.2302745212863837,79.77285542811184,3.31199896787534,0.3615881309498917,0.6296150082072327,False,False,78.95724285039837,4.127611545588806,0.5048971936927715,0.705053439308776,False,False,False,2478
11028,Salvatierra,asistencia_15_17,73.50865939704939,1.9418764589117756,72.92484025073618,0.5838191463132034,0.06370961301155392,0.6296150082072327,False,False,71.59868009365252,1.9099793033968666,0.2335256429533909,0.705053439308776,False,False,False,2478
11029,San Diego de la Unión,asistencia_15_17,58.08853951179148,2.2097378377568293,60.686191723055366,-2.5976522112638847,-0.2835692867134968,0.6296150082072327,False,False,61.72742951652847,-3.638890004736986,-0.4450705796183722,0.705053439308776,False,False,False,2478
11030,San Felipe,asistencia_15_17,61.87186780441555,1.9082606721456914,62.823300202593614,-0.9514323981780635,-0.10381667510164366,0.6296150082072327,False,False,66.31338206066258,-4.441514256247025,-0.5430938995171279,0.705053439308776,False,False,False,2478
11031,San Francisco del Rincón,asistencia_15_17,52.53307064452575,1.8790336817350637,69.62309471517345,-17.0900240706477,-1.8672340623513344,0.6296150082072327,False,True,65.66495788622879,-13.13188724170304,-1.6074974790801706,0.705053439308776,False,True,False,2478
11032,San José de Iturbide,asistencia_15_17,81.6921186589433,1.306076047909983,76.02587037691102,5.666248282032285,0.6187589251197362,0.6296150082072327,False,False,74.27539003457768,7.416728624365618,0.9075264982118767,0.705053439308776,False,False,False,2478
11033,San Luis de la Paz,asistencia_15_17,65.64050375270321,1.9060938826445324,67.56465295561812,-1.9241492029149043,-0.2099613835206251,0.6296150082072327,False,False,69.0793613220154,-3.4388575693121908,-0.4204402704971045,0.705053439308776,False,False,False,2478
11034,Santa Catarina,asistencia_15_17,73.66863905325444,3.555840060968084,62.01823762171534,11.650401431539095,1.2724291714395068,0.6296150082072327,True,False,66.29688181889642,7.371757234358014,0.9020969423378725,0.705053439308776,False,False,False,2478
11035,Santa Cruz de Juventino Rosas,asistencia_15_17,66.67338709677419,1.710276788509688,68.71861054797591,-2.0452234512017213,-0.22330378657274577,0.6296150082072327,False,False,66.96653435907115,-0.2931472622969551,-0.03586067499453222,0.705053439308776,False,False,False,2478
11036,Santiago Maravatío,asistencia_15_17,80.06993006993007,2.781648975801615,69.67433621238133,10.395593857548732,1.136530994558939,0.6296150082072327,True,False,68.34648344840281,11.723446621527259,1.4362535069550413,0.705053439308776,True,False,True,2478
11037,Silao de la Victoria,asistencia_15_17,70.13328805501315,1.6213671160664558,70.89739833542815,-0.7641102804149966,-0.08339294056791026,0.6296150082072327,False,False,73.35520657513342,-3.221918520120269,-0.3940018227580695,0.705053439308776,False,False,False,2478
11038,Tarandacuao,asistencia_15_17,69.11262798634812,2.7071767835724234,72.32514985044917,-3.212521864101049,-0.35057400165636354,0.6296150082072327,False,False,73.53619843243193,-4.423570446083815,-0.5408725999620212,0.705053439308776,False,False,False,2478
11039,Tarimoro,asistencia_15_17,74.93097736057427,1.7573712506131385,68.31531634389533,6.615661016678942,0.7220071559702441,0.6296150082072327,False,False,67.03065920509145,7.900318155482822,0.9661040747386861,0.705053439308776,False,False,False,2478
11040,Tierra Blanca,asistencia_15_17,69.9288256227758,2.9903790502071885,68.58036953027873,1.3484560924970737,0.14728824909885477,0.6296150082072327,False,False,70.88899621178263,-0.9601705890068217,-0.11750936403869441,0.705053439308776,False,False,False,2478
11041,Uriangato,asistencia_15_17,74.4,2.0338953035737033,72.63403906426043,1.765960935739571,0.1931330003973543,0.6296150082072327,False,False,66.23234605133271,8.167653948667294,1.0014747631302536,0.705053439308776,True,False,False,2478
11042,Valle de Santiago,asistencia_15_17,64.58735854264421,1.99922187168781,67.05829359791494,-2.470935055270729,-0.2697397692944339,0.6296150082072327,False,False,66.89166613674513,-2.3043075941009192,-0.2818320734581829,0.705053439308776,False,False,False,2478
11043,Victoria,asistencia_15_17,69.37269372693727,2.158803817421144,65.36927754011442,4.003416186822847,0.4371238136390181,0.6296150082072327,False,False,72.55001158000066,-3.1773178530633857,-0.38892555474393226,0.705053439308776,False,False,False,2478
11044,Villagrán,asistencia_15_17,80.25706940874035,1.4559041498034453,73.76109518387189,6.495974224868462,0.7093827360025301,0.6296150082072327,False,False,73.6134524238758,6.6436169848645505,0.8128692626649345,0.705053439308776,False,False,False,2478
11045,Xichú,asistencia_15_17,62.144702842377264,2.528197751035391,59.72039573509147,2.4243071072857916,0.26501469543426853,0.6296150082072327,False,False,61.20734902878513,0.9373538135921322,0.11480424364574911,0.705053439308776,False,False,False,2478
11046,Yuriria,asistencia_15_17,62.44806647491211,2.0541198663056086,63.92978319555531,-1.481716720643199,-0.16175028366036054,0.6296150082072327,False,False,62.92250075077582,-0.47443427586370746,-0.0580262849345669,0.705053439308776,False,False,False,2478
11001,Abasolo,media_superior_completa_20_24,51.70801402779581,1.6010337841895195,51.322492820066195,0.3855212077296173,0.04291257302761963,0.6642925273432514,False,False,51.56655058694884,0.1414634408469695,0.018318875331105017,0.7520604995407608,False,False,False,2478
11002,Acámbaro,media_superior_completa_20_24,57.14108910891089,1.907813827732407,58.196023562550955,-1.0549344536400653,-0.11747113415394145,0.6642925273432514,False,False,57.80951315401114,-0.6684240451002523,-0.0865916490348734,0.7520604995407608,False,False,False,2478
11003,San Miguel de Allende,media_superior_completa_20_24,50.55213866368465,1.8309696136322946,58.694886894178474,-8.142748230493822,-0.9072169929800723,0.6642925273432514,False,False,58.62186145367071,-8.06972278998606,-1.0460231036816547,0.7520604995407608,False,True,False,2478
11004,Apaseo el Alto,media_superior_completa_20_24,58.995650454725194,1.66172842500743,53.965207703044975,5.030442751680219,0.5600274122632682,0.6642925273432514,False,False,52.131347499407056,6.864302955318138,0.889149196375658,0.7520604995407608,False,False,False,2478
11005,Apaseo el Grande,media_superior_completa_20_24,55.62474055624741,1.7546327081348627,55.03014233347787,0.594598222769541,0.06625530955354095,0.6642925273432514,False,False,57.120136431292266,-1.4953958750448564,-0.19386212681548484,0.7520604995407608,False,False,False,2478
11006,Atarjea,media_superior_completa_20_24,70.76923076923077,3.7672661518822537,48.20861606226694,22.560614706963833,2.5190273691966003,0.6642925273432514,True,False,51.01407199243888,19.755158776791895,2.5664683648758775,0.7520604995407608,True,False,True,2478
11007,Celaya,media_superior_completa_20_24,68.11373942885157,2.1854735135842343,70.28341507100426,-2.169675642152683,-0.24185765811487533,0.6642925273432514,False,False,69.3830003771207,-1.269260948269121,-0.16460187471442836,0.7520604995407608,False,False,False,2478
11008,Manuel Doblado,media_superior_completa_20_24,41.8280402788536,1.915965123072854,54.16046469428529,-12.332424415431689,-1.3739422098813492,0.6642925273432514,False,True,48.099897373581506,-6.271857094727906,-0.8129813870790289,0.7520604995407608,False,False,False,2478
11009,Comonfort,media_superior_completa_20_24,51.8142638676491,2.1937749585837887,47.39566977158202,4.418594096067082,0.49194321426579046,0.6642925273432514,False,False,52.382628943794174,-0.5683650761450707,-0.0736310091353321,0.7520604995407608,False,False,False,2478
11010,Coroneo,media_superior_completa_20_24,59.610983981693366,2.752082029745321,55.33253863514179,4.278445346551578,0.4763891872349581,0.6642925273432514,False,False,55.61157234824714,3.999411633446229,0.518076925980905,0.7520604995407608,False,False,False,2478
11011,Cortazar,media_superior_completa_20_24,59.45247326988603,1.6980671689605258,59.32099815224914,0.13147511763688868,0.014650716423480228,0.6642925273432514,False,False,56.59178123108216,2.860692038803869,0.37089290240267475,0.7520604995407608,False,False,False,2478
11012,Cuerámaro,media_superior_completa_20_24,50.424528301886795,2.1419890878856926,48.24217590531448,2.1823523965723126,0.24312305756927774,0.6642925273432514,False,False,48.09042269943227,2.334105602454528,0.3025122456455302,0.7520604995407608,False,False,False,2478
11013,Doctor Mora,media_superior_completa_20_24,60.806317539484624,2.0330369144205287,54.41269672480785,6.393620814676773,0.7122227991467643,0.6642925273432514,False,False,55.20806802396544,5.598249515519186,0.7255107465367281,0.7520604995407608,False,False,False,2478
11014,Dolores Hidalgo Cuna de la Independencia Nacional,media_superior_completa_20_24,49.60325819816024,1.5874861610585795,55.25445972718344,-5.651201529023197,-0.6292149996756694,0.6642925273432514,False,False,55.95271791193587,-6.34945971377563,-0.8225085424828151,0.7520604995407608,False,False,False,2478
11015,Guanajuato,media_superior_completa_20_24,67.76054814280562,1.7251073935165184,72.38483528844576,-4.624287145640139,-0.5155597852676712,0.6642925273432514,False,False,71.74439673963977,-3.98384859683415,-0.5167221952694372,0.7520604995407608,False,False,False,2478
11016,Huanímaro,media_superior_completa_20_24,52.606351108448166,2.3383640919666298,54.12149447811625,-1.5151433696680812,-0.16872407660414773,0.6642925273432514,False,False,55.57659016128479,-2.970239052836625,-0.3848155464875798,0.7520604995407608,False,False,False,2478
11017,Irapuato,media_superior_completa_20_24,65.27259711389925,1.6258291403422453,63.84442299254404,1.4281741213552124,0.15920756522405324,0.6642925273432514,False,False,65.55429549017572,-0.28169837627646643,-0.03653384288125696,0.7520604995407608,False,False,False,2478
11018,Jaral del Progreso,media_superior_completa_20_24,60.429157462922056,1.8724005997175819,54.264472407709725,6.164685055212331,0.6869799488011797,0.6642925273432514,False,False,56.501736981246225,3.9274204816758314,0.5091678916842721,0.7520604995407608,False,False,False,2478
11019,Jerécuaro,media_superior_completa_20_24,48.38992974238876,2.036648356194184,46.4145092948842,1.9754204475045611,0.2199219802741564,0.6642925273432514,False,False,47.3215319238039,1.068397818584856,0.13837612069439786,0.7520604995407608,False,False,False,2478
11020,León,media_superior_completa_20_24,55.46081852791879,2.3682408669440576,67.20474827549303,-11.743929747574242,-1.3108162821197091,0.6642925273432514,False,True,65.09864289907351,-9.637824371154721,-1.251500265514151,0.7520604995407608,False,True,False,2478
11021,Moroleón,media_superior_completa_20_24,68.36734693877551,2.1081918307540772,66.6008787740231,1.7664681647524105,0.19722120247128044,0.6642925273432514,False,False,58.14166235921488,10.225684579560635,1.3295918475747341,0.7520604995407608,True,False,False,2478
11022,Ocampo,media_superior_completa_20_24,41.83884297520662,2.0698057162951162,49.4282815814048,-7.589438606198186,-0.8455684269809295,0.6642925273432514,False,False,49.11305684894327,-7.274213873736656,-0.9428864132824001,0.7520604995407608,False,False,False,2478
11023,Pénjamo,media_superior_completa_20_24,46.46960865945046,1.8362817026352933,51.83519289912376,-5.365584239673304,-0.5972313064146189,0.6642925273432514,False,False,51.56905170282979,-5.099443043379331,-0.6603495665712187,0.7520604995407608,False,False,False,2478
11024,Pueblo Nuevo,media_superior_completa_20_24,50.278706800445924,3.0795603446718856,50.99504135783713,-0.7163345573912068,-0.07974952009603073,0.6642925273432514,False,False,53.26068334406949,-2.981976543623567,-0.3862505693633343,0.7520604995407608,False,False,False,2478
11025,Purísima del Rincón,media_superior_completa_20_24,42.667917008557026,1.6287864297354824,53.93613147599879,-11.268214467441766,-1.256255691600178,0.6642925273432514,False,True,48.87799062799078,-6.210073619433757,-0.8054963216452846,0.7520604995407608,False,False,False,2478
11026,Romita,media_superior_completa_20_24,44.13833528722157,1.8123163694493145,48.34188807304282,-4.203552785821245,-0.46800773340521645,0.6642925273432514,False,False,51.26076688688022,-7.122431599658647,-0.9227322638950279,0.7520604995407608,False,False,False,2478
11027,Salamanca,media_superior_completa_20_24,67.09326135517499,1.6739115732230216,66.7007383595931,0.39252299558188497,0.04371894026690793,0.6642925273432514,False,False,65.79498544785933,1.2982759073156558,0.16822694272212374,0.7520604995407608,False,False,False,2478
11028,Salvatierra,media_superior_completa_20_24,58.63001351960343,1.658499689795509,58.285325092328904,0.34468842727452653,0.03837471602449489,0.6642925273432514,False,False,56.81259961392711,1.817413905676318,0.23539895563264826,0.7520604995407608,False,False,False,2478
11029,San Diego de la Unión,media_superior_completa_20_24,45.82788386084227,1.9933657906435915,46.594545492448894,-0.7666616316066239,-0.08538222059824001,0.6642925273432514,False,False,47.7508593956612,-1.9229755348189315,-0.2491530688912176,0.7520604995407608,False,False,False,2478
11030,San Felipe,media_superior_completa_20_24,45.62456245624563,1.7006360095947404,48.53137315831682,-2.9068107020711906,-0.3235984266931952,0.6642925273432514,False,False,52.40717386506418,-6.782611408818553,-0.8786747984196942,0.7520604995407608,False,False,False,2478
11031,San Francisco del Rincón,media_superior_completa_20_24,44.62549763910749,2.149893578988602,55.815022867404494,-11.189525228297,-1.2467724505846984,0.6642925273432514,False,True,51.419438424718415,-6.793940785610921,-0.8806998338825187,0.7520604995407608,False,False,False,2478
11032,San José de Iturbide,media_superior_completa_20_24,70.62623599208965,1.4379098175199267,63.41308210614252,7.213153885947129,0.8036494631775423,0.6642925273432514,False,False,61.46914118330163,9.157094808788017,1.1871393666219052,0.7520604995407608,True,False,False,2478
11033,San Luis de la Paz,media_superior_completa_20_24,52.20702945764889,1.9252495336688897,54.300788063259496,-2.093758605610603,-0.23308819373549608,0.6642925273432514,False,False,55.98289982904087,-3.7758703713919743,-0.4890547356338774,0.7520604995407608,False,False,False,2478
11034,Santa Catarina,media_superior_completa_20_24,62.00873362445415,3.099307855851591,48.471144326391205,13.537589298062947,1.5086372788876266,0.6642925273432514,True,False,53.22265815263986,8.786075471814293,1.1391084496385673,0.7520604995407608,True,False,True,2478
11035,Santa Cruz de Juventino Rosas,media_superior_completa_20_24,54.0495638931192,1.651978203999278,53.89587503687243,0.15368885624676665,0.01711927383646324,0.6642925273432514,False,False,51.950161896782745,2.0994019963364536,0.2720692265413445,0.7520604995407608,False,False,False,2478
11036,Santiago Maravatío,media_superior_completa_20_24,54.473684210526315,3.241069113634963,56.8320082099284,-2.3583239994020815,-0.2629772705245334,0.6642925273432514,False,False,55.35740306014185,-0.8837188496155335,-0.11464398984100277,0.7520604995407608,False,False,False,2478
11037,Silao de la Victoria,media_superior_completa_20_24,53.55820441288359,1.7658832065130576,56.06599474979992,-2.5077903369163295,-0.27923052379537494,0.6642925273432514,False,False,58.795436436239136,-5.237232023355546,-0.678511919966946,0.7520604995407608,False,False,False,2478
11038,Tarandacuao,media_superior_completa_20_24,53.625,2.909456317134161,56.94726140309636,-3.3222614030963626,-0.36987989738207744,0.6642925273432514,False,False,58.29215333997224,-4.667153339972238,-0.6045403850364431,0.7520604995407608,False,False,False,2478
11039,Tarimoro,media_superior_completa_20_24,59.22946655376799,1.8832123507239518,53.91827945051181,5.311187103256181,0.5913390832148823,0.6642925273432514,False,False,52.491643844532014,6.737822709235978,0.8728271793954717,0.7520604995407608,False,False,False,2478
11040,Tierra Blanca,media_superior_completa_20_24,54.81786133960047,2.432418529544484,53.62159259403449,1.1962687455659804,0.13330663475539087,0.6642925273432514,False,False,56.18536539010815,-1.3675040505076836,-0.17729601181671475,0.7520604995407608,False,False,False,2478
11041,Uriangato,media_superior_completa_20_24,57.065827903841836,1.8453751091344135,58.2970504723113,-1.2312225684694624,-0.13737331688738508,0.6642925273432514,False,False,51.187851515695385,5.87797638814645,0.7634447870651537,0.7520604995407608,False,False,False,2478
11042,Valle de Santiago,media_superior_completa_20_24,50.55209260908281,1.6819274524078993,52.67365432722505,-2.121561718142239,-0.23628158588391832,0.6642925273432514,False,False,52.48861143767971,-1.9365188285968955,-0.2509082295146242,0.7520604995407608,False,False,False,2478
11043,Victoria,media_superior_completa_20_24,61.01207590569293,2.174281189066281,51.28959034631649,9.722485559376445,1.0832555814582705,0.6642925273432514,True,False,59.26392882849627,1.7481470771966627,0.22668330744353912,0.7520604995407608,False,False,False,2478
11044,Villagrán,media_superior_completa_20_24,64.4118627124292,1.631115359912325,58.87788680599276,5.533975906436439,0.6165306152311743,0.6642925273432514,False,False,58.71392677960636,5.697935932822837,0.738529847303929,0.7520604995407608,False,False,False,2478
11045,Xichú,media_superior_completa_20_24,48.775055679287306,2.593875869774273,45.522755668182626,3.25230001110468,0.3627191439305194,0.6642925273432514,False,False,47.174044910374256,1.6010107689130493,0.2077284674097697,0.7520604995407608,False,False,False,2478
11046,Yuriria,media_superior_completa_20_24,49.557708508845835,2.2837808769408308,48.65059636341982,0.9071121454260123,0.10102561290434271,0.6642925273432514,False,False,47.531990505409375,2.0257180034364595,0.262469141233416,0.7520604995407608,False,False,False,2478
