analisis,ambito,modelo,resultado,termino,coef,ee,li90,ls90,p,n,r2
microdatos_asistencia_15_17,Guanajuato,sin controles,asistencia_15_17,1 Sin primaria completa,-19.13364255554802,3.5957216744789395,-25.048604710065874,-13.218680401030163,1.0307106649873362e-07,42581,0.14200968556887572
microdatos_asistencia_15_17,Guanajuato,sin controles,asistencia_15_17,2 Primaria completa,-15.638163302063717,1.8646041408000287,-18.705437113679764,-12.57088949044767,4.9932311686555663e-17,42581,0.14200968556887572
microdatos_asistencia_15_17,Guanajuato,sin controles,asistencia_15_17,4 Media superior completa,24.661647425077867,1.2002614203315918,22.687217388632398,26.636077461523335,8.204317205116992e-94,42581,0.14200968556887572
microdatos_asistencia_15_17,Guanajuato,sin controles,asistencia_15_17,5 Superior (4 años o más),36.6136524522741,1.1172454325114942,34.77578371579269,38.451521188755514,1.5071166145290873e-235,42581,0.14200968556887572
microdatos_asistencia_15_17,Guanajuato,"con tamaño de localidad, sexo y edad",asistencia_15_17,1 Sin primaria completa,-18.110718886152323,3.711505298495385,-24.216145102177233,-12.005292670127414,1.0629284576307882e-06,42581,0.16652397431121957
microdatos_asistencia_15_17,Guanajuato,"con tamaño de localidad, sexo y edad",asistencia_15_17,2 Primaria completa,-15.10668791276457,1.9401558609033105,-18.298244303950515,-11.915131521578624,6.898528287134569e-15,42581,0.16652397431121957
microdatos_asistencia_15_17,Guanajuato,"con tamaño de localidad, sexo y edad",asistencia_15_17,4 Media superior completa,23.903430127729813,1.2661915339312764,21.820545054412865,25.98631520104676,1.723268871469554e-79,42581,0.16652397431121957
microdatos_asistencia_15_17,Guanajuato,"con tamaño de localidad, sexo y edad",asistencia_15_17,5 Superior (4 años o más),35.41186960693068,1.4758292404841793,32.9841305063342,37.839608707527155,3.1694675462571992e-127,42581,0.16652397431121957
microdatos_asistencia_15_17,Guanajuato y estados pares,sin controles,asistencia_15_17,1 Sin primaria completa,-19.37315232702975,1.3734618038468374,-21.632496994357798,-17.113807659701703,3.520642350572908e-45,249761,0.1428764404243441
microdatos_asistencia_15_17,Guanajuato y estados pares,sin controles,asistencia_15_17,2 Primaria completa,-16.718036071536623,0.7631249537669587,-17.973376620483272,-15.462695522589977,2.2113680955945124e-106,249761,0.1428764404243441
microdatos_asistencia_15_17,Guanajuato y estados pares,sin controles,asistencia_15_17,4 Media superior completa,22.564711592136504,0.5302425845893904,21.692462540486957,23.43696064378605,0.0,249761,0.1428764404243441
microdatos_asistencia_15_17,Guanajuato y estados pares,sin controles,asistencia_15_17,5 Superior (4 años o más),34.667236682999516,0.5200609079128927,33.811736489482804,35.52273687651623,0.0,249761,0.1428764404243441
microdatos_asistencia_15_17,Guanajuato y estados pares,"con tamaño de localidad, sexo y edad",asistencia_15_17,1 Sin primaria completa,-18.328946864799207,1.3758361263698804,-20.59219729267766,-16.065696436920753,1.7232837138762077e-40,249761,0.1678489436338746
microdatos_asistencia_15_17,Guanajuato y estados pares,"con tamaño de localidad, sexo y edad",asistencia_15_17,2 Primaria completa,-16.087765608835205,0.7696587159527452,-17.353854196577473,-14.82167702109294,5.084844954770094e-97,249761,0.1678489436338746
microdatos_asistencia_15_17,Guanajuato y estados pares,"con tamaño de localidad, sexo y edad",asistencia_15_17,4 Media superior completa,21.68328528596402,0.5494010872389362,20.77952049745597,22.587050074472067,0.0,249761,0.1678489436338746
microdatos_asistencia_15_17,Guanajuato y estados pares,"con tamaño de localidad, sexo y edad",asistencia_15_17,5 Superior (4 años o más),33.018776558197175,0.621151093606303,31.996983009214805,34.04057010717954,0.0,249761,0.1678489436338746
municipal_por_factor,Municipios de Guanajuato y estados pares,sin control,asistencia_15_17,viv_internet,2.3383558621377727,0.6114500151925036,1.332520587146104,3.3441911371294415,0.00013115497319429614,372,0.17552041640088756
municipal_por_factor,Municipios de Guanajuato y estados pares,con tamaño de localidad,asistencia_15_17,viv_internet,1.1669743027709834,0.7226091409061534,-0.021717734019638835,2.3556663395616058,0.10632252097587344,372,0.2092597336481613
municipal_por_factor,Municipios de Guanajuato y estados pares,sin control,asistencia_15_17,viv_computadora,4.932882230530902,0.39536143317212585,4.282512672962755,5.583251788099049,9.98059396491029e-36,372,0.34575285282548274
municipal_por_factor,Municipios de Guanajuato y estados pares,con tamaño de localidad,asistencia_15_17,viv_computadora,6.616971212105653,0.6209637840774872,5.595485787298187,7.63845663691312,1.6353157146581573e-26,372,0.3666194684749532
municipal_por_factor,Municipios de Guanajuato y estados pares,sin control,asistencia_15_17,viv_hacinamiento,-2.0575285846842863,0.5407860562728097,-2.9471216472530584,-1.1679355221155143,0.00014197628918568585,372,0.1731545439384664
municipal_por_factor,Municipios de Guanajuato y estados pares,con tamaño de localidad,asistencia_15_17,viv_hacinamiento,-1.36219440048697,0.5597587866098074,-2.2829976044601032,-0.44139119651383674,0.01495205684363853,372,0.21810610192116575
municipal_por_factor,Municipios de Guanajuato y estados pares,sin control,asistencia_15_17,viv_lena_carbon,-0.5238340987094161,0.6733500876240045,-1.6314949928509035,0.5838267954320713,0.43659726612591776,372,0.13269941306847466
municipal_por_factor,Municipios de Guanajuato y estados pares,con tamaño de localidad,asistencia_15_17,viv_lena_carbon,0.9232568271929857,0.7567977121665606,-0.32167540932100636,2.168189063706978,0.2224830993035628,372,0.20673586831956814
municipal_por_factor,Municipios de Guanajuato y estados pares,sin control,asistencia_15_17,hog_remesas,-2.2540434640850524,0.479036360758609,-3.042058277532964,-1.4660286506371407,2.534055699802341e-06,372,0.18508815241268584
municipal_por_factor,Municipios de Guanajuato y estados pares,con tamaño de localidad,asistencia_15_17,hog_remesas,-1.4227083436771206,0.5457177237709864,-2.3204139992803934,-0.525002688073848,0.009132849076883076,372,0.21835844163089635
municipal_por_factor,Municipios de Guanajuato y estados pares,sin control,asistencia_15_17,hog_programas_gobierno,-0.7362391528788028,0.5715909194260544,-1.6765062153346624,0.20402790957705674,0.19772766407056153,372,0.13507604905180004
municipal_por_factor,Municipios de Guanajuato y estados pares,con tamaño de localidad,asistencia_15_17,hog_programas_gobierno,1.928191913392151,0.7923141459100664,0.6248351433700916,3.2315486834142106,0.014948660606701244,372,0.2190061216501521
municipal_por_factor,Municipios de Guanajuato y estados pares,sin control,asistencia_15_17,hog_inseguridad_alim_menores,-0.24554159953972698,0.5536121705218039,-1.1562336200480945,0.6651504209686404,0.6573850457155179,372,0.13070619901516523
municipal_por_factor,Municipios de Guanajuato y estados pares,con tamaño de localidad,asistencia_15_17,hog_inseguridad_alim_menores,0.03697274023958663,0.5535420167598749,-0.8736038773304076,0.9475493578095808,0.9467464841994478,372,0.2011905032256609
municipal_por_factor,Municipios de Guanajuato y estados pares,sin control,asistencia_15_17,hog_desplazamiento,1.071576040465993,0.714254107162895,-0.10337196581696917,2.2465240467489553,0.1335437408834743,372,0.14212173561864894
municipal_por_factor,Municipios de Guanajuato y estados pares,con tamaño de localidad,asistencia_15_17,hog_desplazamiento,0.6850540962834124,0.5743421512410375,-0.25973874250809426,1.629846935074919,0.23296218477355823,372,0.20589474785831707
municipal_por_factor,Municipios de Guanajuato y estados pares,sin control,asistencia_15_17,jovenes_15_17_activos,-6.659441682568184,0.3508392184356978,-7.236572196894907,-6.0823111682414615,2.4274123163815164e-80,372,0.5615076239752481
municipal_por_factor,Municipios de Guanajuato y estados pares,con tamaño de localidad,asistencia_15_17,jovenes_15_17_activos,-6.447610538228321,0.3375778660029151,-7.002926127803116,-5.892294948653525,2.543086412992817e-81,372,0.5943794079319765
municipal_por_factor,Municipios de Guanajuato y estados pares,sin control,asistencia_15_17,mujeres_15_19_con_hijos,-3.221871848309833,0.5592707677884241,-4.141872261321791,-2.3018714352978753,8.369418902006702e-09,372,0.23284270392643558
municipal_por_factor,Municipios de Guanajuato y estados pares,con tamaño de localidad,asistencia_15_17,mujeres_15_19_con_hijos,-2.840393373213178,0.5612256895776986,-3.763609632568492,-1.9171771138578637,4.1694567153934543e-07,372,0.2783704787269279
municipal_por_factor,Municipios de Guanajuato y estados pares,sin control,media_superior_completa_20_24,viv_internet,2.8747507745038785,0.6559569960617073,1.79570151598237,3.953800033025387,1.1730936704077931e-05,372,0.20932550283371143
municipal_por_factor,Municipios de Guanajuato y estados pares,con tamaño de localidad,media_superior_completa_20_24,viv_internet,1.5039275602332398,0.7660949621960232,0.24370134742078164,2.764153773045698,0.04963356383155744,372,0.2552653689414597
municipal_por_factor,Municipios de Guanajuato y estados pares,sin control,media_superior_completa_20_24,viv_computadora,5.939434693755663,0.4189658090713482,5.2502359378332955,6.628633449678031,1.2822548800909889e-45,372,0.4180457516503592
municipal_por_factor,Municipios de Guanajuato y estados pares,con tamaño de localidad,media_superior_completa_20_24,viv_computadora,7.910509854249596,0.6676526953511176,6.812221170397008,9.008798538102184,2.1975590933719421e-32,372,0.4460443584458853
municipal_por_factor,Municipios de Guanajuato y estados pares,sin control,media_superior_completa_20_24,viv_hacinamiento,-2.925080910178573,0.5625923290231815,-3.850545291421706,-1.9996165289354395,2.0005074159261123e-07,372,0.2249814103238873
municipal_por_factor,Municipios de Guanajuato y estados pares,con tamaño de localidad,media_superior_completa_20_24,viv_hacinamiento,-2.135432157531695,0.5771152906277791,-3.084786810614392,-1.1860775044489984,0.00021544409396862703,372,0.2793681426672878
municipal_por_factor,Municipios de Guanajuato y estados pares,sin control,media_superior_completa_20_24,viv_lena_carbon,-1.3462395380209524,0.6934682093347415,-2.486994742376602,-0.20548433366530272,0.05222020335787055,372,0.16472258473264545
municipal_por_factor,Municipios de Guanajuato y estados pares,con tamaño de localidad,media_superior_completa_20_24,viv_lena_carbon,-0.029534655907224372,0.807038019991403,-1.3571121987930823,1.2980428869786338,0.9708068439170662,372,0.24379101326428976
municipal_por_factor,Municipios de Guanajuato y estados pares,sin control,media_superior_completa_20_24,hog_remesas,-2.0219064064763854,0.5053880516253726,-2.8532697514001235,-1.1905430615526476,6.315515720868647e-05,372,0.18852931562098618
municipal_por_factor,Municipios de Guanajuato y estados pares,con tamaño de localidad,media_superior_completa_20_24,hog_remesas,-0.8323802081555929,0.5661485195553236,-1.7636945228241003,0.09893410651291457,0.1414938913216899,372,0.24881623536211706
municipal_por_factor,Municipios de Guanajuato y estados pares,sin control,media_superior_completa_20_24,hog_programas_gobierno,-1.1677667770988676,0.6010169053838789,-2.156439586455348,-0.17909396774238684,0.052017981729454,372,0.16119972470875366
municipal_por_factor,Municipios de Guanajuato y estados pares,con tamaño de localidad,media_superior_completa_20_24,hog_programas_gobierno,1.7262922958130504,0.8452568709252459,0.335844743141021,3.11673984848508,0.041118945333315546,372,0.2560087825932561
municipal_por_factor,Municipios de Guanajuato y estados pares,sin control,media_superior_completa_20_24,hog_inseguridad_alim_menores,-0.6060030158537382,0.6326705170951468,-1.6467460164752545,0.4347399847677782,0.33813875213276157,372,0.1532520921238808
municipal_por_factor,Municipios de Guanajuato y estados pares,con tamaño de localidad,media_superior_completa_20_24,hog_inseguridad_alim_menores,-0.2976721078501255,0.6250595367522982,-1.325895045807656,0.7305508301074051,0.6339105235998499,372,0.2443766580826846
municipal_por_factor,Municipios de Guanajuato y estados pares,sin control,media_superior_completa_20_24,hog_desplazamiento,0.35072479062707007,0.8648006289984609,-1.071872244075398,1.7733218253295382,0.6850691131183744,372,0.15186049579494265
municipal_por_factor,Municipios de Guanajuato y estados pares,con tamaño de localidad,media_superior_completa_20_24,hog_desplazamiento,-0.1768389760639688,0.5620319571361014,-1.1013815455528557,0.7477035934249181,0.7530333281245326,372,0.24405490332393742
municipal_por_factor,Municipios de Guanajuato y estados pares,sin control,media_superior_completa_20_24,jovenes_15_17_activos,-5.829627095771384,0.42838729756986116,-6.534324200273805,-5.124929991268963,3.574138005336486e-42,372,0.43347940246256433
municipal_por_factor,Municipios de Guanajuato y estados pares,con tamaño de localidad,media_superior_completa_20_24,jovenes_15_17_activos,-5.469687605255875,0.3978778281844085,-6.124196632619227,-4.815178577892524,5.297298848512096e-43,372,0.4858425968356316
municipal_por_factor,Municipios de Guanajuato y estados pares,sin control,media_superior_completa_20_24,mujeres_15_19_con_hijos,-4.3520769416050715,0.5517365767060416,-5.25968361028651,-3.444470272923633,3.0716218937654805e-15,372,0.3109307661220342
municipal_por_factor,Municipios de Guanajuato y estados pares,con tamaño de localidad,media_superior_completa_20_24,mujeres_15_19_con_hijos,-3.884608650300865,0.5588560103017981,-4.803926787247323,-2.9652905133544074,3.6270346652494716e-12,372,0.36728937729514943
